Gene,Consensus_Score,Selection_Frequency,External_Weight,Weighted_Consensus_Score
FCGR1BP,6,1.0,2,12
IFI27,6,1.0,3,18
CASP8,5,0.8333333333333334,3,15
ISG15,5,0.8333333333333334,4,20
GADD45B,5,0.8333333333333334,2,10
SMARCD3,5,0.8333333333333334,2,10
FUT4,5,0.8333333333333334,2,10
MX1,5,0.8333333333333334,4,20
USP7,5,0.8333333333333334,3,15
RSAD2,4,0.6666666666666666,4,16
SRSF4,4,0.6666666666666666,1,4
SOCS1,4,0.6666666666666666,2,8
IFI6,4,0.6666666666666666,3,12
LY6E,4,0.6666666666666666,2,8
EPSTI1,4,0.6666666666666666,1,4
ABCB1,4,0.6666666666666666,1,4
IFITM3,4,0.6666666666666666,3,12
OAS3,4,0.6666666666666666,4,16
HERC5,4,0.6666666666666666,2,8
LAMP3,4,0.6666666666666666,2,8
REC8,3,0.5,1,3
PLEKHA1,3,0.5,2,6
GPR84,3,0.5,2,6
IFIT1,3,0.5,3,9
IFI44,3,0.5,2,6
JAK1,3,0.5,3,9
OASL,3,0.5,3,9
WDR59,2,0.3333333333333333,3,6
IFIH1,2,0.3333333333333333,4,8
HNRNPH1,2,0.3333333333333333,1,2
IFI44L,2,0.3333333333333333,2,4
IL2RB,2,0.3333333333333333,3,6
GSTO1,2,0.3333333333333333,2,4
TNFAIP6,2,0.3333333333333333,2,4
NFKBIA,2,0.3333333333333333,3,6
TLR10,2,0.3333333333333333,2,4
KLRB1,2,0.3333333333333333,2,4
TNFAIP3,2,0.3333333333333333,3,6
IRF7,2,0.3333333333333333,4,8
PTTG1,2,0.3333333333333333,3,6
HP,2,0.3333333333333333,2,4
USP18,2,0.3333333333333333,3,6
LGALS1,2,0.3333333333333333,2,4
GNG5,2,0.3333333333333333,1,2
RNF125,2,0.3333333333333333,2,4
RNASE2,2,0.3333333333333333,2,4
F12,2,0.3333333333333333,1,2
HNRNPDL,2,0.3333333333333333,1,2
BATF2,2,0.3333333333333333,2,4
SH2D1B,2,0.3333333333333333,2,4
IFI35,2,0.3333333333333333,3,6
FYN,2,0.3333333333333333,2,4
TXNDC17,2,0.3333333333333333,2,4
FCRL2,2,0.3333333333333333,1,2
RNF31,2,0.3333333333333333,2,4
IFI27L2,2,0.3333333333333333,1,2
PTMS,2,0.3333333333333333,1,2
MT2A,2,0.3333333333333333,1,2
EIF3D,1,0.16666666666666666,2,2
ROMO1,1,0.16666666666666666,2,2
TNFSF13B,1,0.16666666666666666,3,3
PTGDS,1,0.16666666666666666,2,2
IL1B,1,0.16666666666666666,3,3
NPRL3,1,0.16666666666666666,3,3
CDKN1A,1,0.16666666666666666,3,3
CD247,1,0.16666666666666666,3,3
SERPING1,1,0.16666666666666666,3,3
C1QC,1,0.16666666666666666,3,3
BST2,1,0.16666666666666666,2,2
IFIT3,1,0.16666666666666666,2,2
CXCR6,1,0.16666666666666666,2,2
IL1RN,1,0.16666666666666666,2,2
ARG1,1,0.16666666666666666,2,2
ITGAM,1,0.16666666666666666,3,3
KLHL22,1,0.16666666666666666,2,2
PARP9,1,0.16666666666666666,2,2
DDIT3,1,0.16666666666666666,2,2
PCYOX1,1,0.16666666666666666,1,1
COLQ,1,0.16666666666666666,1,1
PIK3C2B,1,0.16666666666666666,1,1
PYHIN1,1,0.16666666666666666,2,2
ZNF831,1,0.16666666666666666,1,1
BLOC1S1,1,0.16666666666666666,1,1
BCL11A,1,0.16666666666666666,1,1
EXOSC4,1,0.16666666666666666,1,1
RBM14,1,0.16666666666666666,2,2
UBE2S,1,0.16666666666666666,1,1
DEFA4,1,0.16666666666666666,4,4
SWAP70,1,0.16666666666666666,2,2
RNF181,1,0.16666666666666666,1,1
NCL,1,0.16666666666666666,1,1
LGALS3BP,1,0.16666666666666666,1,1
ZFP90,1,0.16666666666666666,1,1
SAP30,1,0.16666666666666666,1,1
ZNF548,1,0.16666666666666666,1,1
YPEL1,1,0.16666666666666666,1,1
FCRL3,1,0.16666666666666666,2,2
CENPW,1,0.16666666666666666,1,1
GZMK,1,0.16666666666666666,1,1
CTNNAL1,1,0.16666666666666666,1,1
ANKRD22,1,0.16666666666666666,1,1
SPTLC2,1,0.16666666666666666,1,1
DENND2D,1,0.16666666666666666,1,1
DYRK2,1,0.16666666666666666,1,1
HERC6,1,0.16666666666666666,2,2
SLC66A2,1,0.16666666666666666,1,1
GATA3,1,0.16666666666666666,3,3
SMIM24,1,0.16666666666666666,1,1
NSG1,1,0.16666666666666666,1,1
SCRN1,1,0.16666666666666666,1,1
SQOR,1,0.16666666666666666,1,1
CNNM3,1,0.16666666666666666,1,1
IFIT5,1,0.16666666666666666,3,3
IL7R,1,0.16666666666666666,2,2
CCR1,1,0.16666666666666666,2,2
CTDSP2,1,0.16666666666666666,1,1
TMED1,1,0.16666666666666666,1,1
PCED1B-AS1,1,0.16666666666666666,1,1
CMPK2,1,0.16666666666666666,3,3
GNA15,1,0.16666666666666666,1,1
TRAF3IP3,1,0.16666666666666666,2,2
PTGDR,1,0.16666666666666666,2,2
SERPINB1,1,0.16666666666666666,2,2
SYTL1,1,0.16666666666666666,1,1
RTP4,1,0.16666666666666666,2,2
XAF1,1,0.16666666666666666,3,3
PLSCR1,1,0.16666666666666666,2,2
SAMSN1,1,0.16666666666666666,2,2
NOP10,1,0.16666666666666666,1,1
BRSK1,1,0.16666666666666666,1,1
CD163,1,0.16666666666666666,1,1
EIF2AK2,1,0.16666666666666666,4,4
IFIT2,1,0.16666666666666666,2,2
TRIP6,1,0.16666666666666666,1,1
SPATS2L,1,0.16666666666666666,1,1
ANXA3,1,0.16666666666666666,2,2
NAA38,1,0.16666666666666666,1,1
