Gene,Final_Weight,Calculation_Details
MX1,4.0,Base:1.0 + Bio:3.0(Raw:3)
ISG15,4.0,Base:1.0 + Bio:3.0(Raw:3)
CTSG,4.0,Base:1.0 + Bio:3.0(Raw:3)
OAS3,4.0,Base:1.0 + Bio:3.0(Raw:3)
CAMP,4.0,Base:1.0 + Bio:3.0(Raw:3)
CDC20,4.0,Base:1.0 + Bio:3.0(Raw:3)
MPO,4.0,Base:1.0 + Bio:3.0(Raw:3)
EIF2AK2,4.0,Base:1.0 + Bio:3.0(Raw:3)
OAS2,4.0,Base:1.0 + Bio:3.0(Raw:3)
IFIH1,4.0,Base:1.0 + Bio:3.0(Raw:3)
DEFA4,4.0,Base:1.0 + Bio:3.0(Raw:3)
ELANE,4.0,Base:1.0 + Bio:3.0(Raw:3)
RSAD2,4.0,Base:1.0 + Bio:3.0(Raw:3)
IRF7,4.0,Base:1.0 + Bio:3.0(Raw:3)
OAS1,4.0,Base:1.0 + Bio:3.0(Raw:3)
FPR1,3.0,Base:1.0 + Bio:2.0(Raw:2)
GP1BA,3.0,Base:1.0 + Bio:2.0(Raw:2)
MEFV,3.0,Base:1.0 + Bio:2.0(Raw:2)
CASP8,3.0,Base:1.0 + Bio:2.0(Raw:2)
IFI35,3.0,Base:1.0 + Bio:2.0(Raw:2)
USP7,3.0,Base:1.0 + Bio:2.0(Raw:2)
TNFAIP3,3.0,Base:1.0 + Bio:2.0(Raw:2)
FOXO1,3.0,Base:1.0 + Bio:2.0(Raw:2)
CCNB2,3.0,Base:1.0 + Bio:2.0(Raw:2)
AIM2,3.0,Base:1.0 + Bio:2.0(Raw:2)
TRIM25,3.0,Base:1.0 + Bio:2.0(Raw:2)
TLR5,3.0,Base:1.0 + Bio:2.0(Raw:2)
STAT4,3.0,Base:1.0 + Bio:2.0(Raw:2)
MX2,3.0,Base:1.0 + Bio:2.0(Raw:2)
LTBR,3.0,Base:1.0 + Bio:2.0(Raw:2)
GADD45A,3.0,Base:1.0 + Bio:2.0(Raw:2)
C3AR1,3.0,Base:1.0 + Bio:2.0(Raw:2)
HDAC1,3.0,Base:1.0 + Bio:2.0(Raw:2)
LY96,3.0,Base:1.0 + Bio:2.0(Raw:2)
RPS27A,3.0,Base:1.0 + Bio:2.0(Raw:2)
SP100,3.0,Base:1.0 + Bio:2.0(Raw:2)
HLA-DRA,3.0,Base:1.0 + Bio:2.0(Raw:2)
TLR2,3.0,Base:1.0 + Bio:2.0(Raw:2)
IRF9,3.0,Base:1.0 + Bio:2.0(Raw:2)
JAK2,3.0,Base:1.0 + Bio:2.0(Raw:2)
RIGI,3.0,Base:1.0 + Bio:2.0(Raw:2)
GATA3,3.0,Base:1.0 + Bio:2.0(Raw:2)
RPL13A,3.0,Base:1.0 + Bio:2.0(Raw:2)
CFD,3.0,Base:1.0 + Bio:2.0(Raw:2)
C1QB,3.0,Base:1.0 + Bio:2.0(Raw:2)
CDKN1A,3.0,Base:1.0 + Bio:2.0(Raw:2)
CD14,3.0,Base:1.0 + Bio:2.0(Raw:2)
C1QC,3.0,Base:1.0 + Bio:2.0(Raw:2)
OASL,3.0,Base:1.0 + Bio:2.0(Raw:2)
CXCL10,3.0,Base:1.0 + Bio:2.0(Raw:2)
IFIT5,3.0,Base:1.0 + Bio:2.0(Raw:2)
NFKBIA,3.0,Base:1.0 + Bio:2.0(Raw:2)
ADAR,3.0,Base:1.0 + Bio:2.0(Raw:2)
EP300,3.0,Base:1.0 + Bio:2.0(Raw:2)
CD28,3.0,Base:1.0 + Bio:2.0(Raw:2)
CD247,3.0,Base:1.0 + Bio:2.0(Raw:2)
MYD88,3.0,Base:1.0 + Bio:2.0(Raw:2)
H2BC4,3.0,Base:1.0 + Bio:2.0(Raw:2)
H2BC6,3.0,Base:1.0 + Bio:2.0(Raw:2)
RELB,3.0,Base:1.0 + Bio:2.0(Raw:2)
NPRL3,3.0,Base:1.0 + Bio:2.0(Raw:2)
HLA-DPB1,3.0,Base:1.0 + Bio:2.0(Raw:2)
HLA-DPA1,3.0,Base:1.0 + Bio:2.0(Raw:2)
CEACAM8,3.0,Base:1.0 + Bio:2.0(Raw:2)
RPS3,3.0,Base:1.0 + Bio:2.0(Raw:2)
JAK1,3.0,Base:1.0 + Bio:2.0(Raw:2)
AZU1,3.0,Base:1.0 + Bio:2.0(Raw:2)
LTF,3.0,Base:1.0 + Bio:2.0(Raw:2)
ITGAM,3.0,Base:1.0 + Bio:2.0(Raw:2)
WDR59,3.0,Base:1.0 + Bio:2.0(Raw:2)
TNFSF13B,3.0,Base:1.0 + Bio:2.0(Raw:2)
BPI,3.0,Base:1.0 + Bio:2.0(Raw:2)
IL2RB,3.0,Base:1.0 + Bio:2.0(Raw:2)
IFIT1,3.0,Base:1.0 + Bio:2.0(Raw:2)
DHX58,3.0,Base:1.0 + Bio:2.0(Raw:2)
IFITM1,3.0,Base:1.0 + Bio:2.0(Raw:2)
IL1B,3.0,Base:1.0 + Bio:2.0(Raw:2)
XAF1,3.0,Base:1.0 + Bio:2.0(Raw:2)
SESN1,3.0,Base:1.0 + Bio:2.0(Raw:2)
PRTN3,3.0,Base:1.0 + Bio:2.0(Raw:2)
RNASE3,3.0,Base:1.0 + Bio:2.0(Raw:2)
RRAGD,3.0,Base:1.0 + Bio:2.0(Raw:2)
USP18,3.0,Base:1.0 + Bio:2.0(Raw:2)
PTTG1,3.0,Base:1.0 + Bio:2.0(Raw:2)
CMPK2,3.0,Base:1.0 + Bio:2.0(Raw:2)
ITFG2,3.0,Base:1.0 + Bio:2.0(Raw:2)
NPRL2,3.0,Base:1.0 + Bio:2.0(Raw:2)
IFI6,3.0,Base:1.0 + Bio:2.0(Raw:2)
SERPING1,3.0,Base:1.0 + Bio:2.0(Raw:2)
IFITM3,3.0,Base:1.0 + Bio:2.0(Raw:2)
EEF2,3.0,Base:1.0 + Bio:2.0(Raw:2)
IFI27,3.0,Base:1.0 + Bio:2.0(Raw:2)
NUSAP1,2.0,Base:1.0 + Bio:1.0(Raw:1)
SIGLEC5,2.0,Base:1.0 + Bio:1.0(Raw:1)
MCEMP1,2.0,Base:1.0 + Bio:1.0(Raw:1)
KIR3DL1,2.0,Base:1.0 + Bio:1.0(Raw:1)
KDM3B,2.0,Base:1.0 + Bio:1.0(Raw:1)
IFI30,2.0,Base:1.0 + Bio:1.0(Raw:1)
DRAM1,2.0,Base:1.0 + Bio:1.0(Raw:1)
AKR1C3,2.0,Base:1.0 + Bio:1.0(Raw:1)
ACTR1B,2.0,Base:1.0 + Bio:1.0(Raw:1)
TMC6,2.0,Base:1.0 + Bio:1.0(Raw:1)
SH3GLB1,2.0,Base:1.0 + Bio:1.0(Raw:1)
RMI2,2.0,Base:1.0 + Bio:1.0(Raw:1)
OSM,2.0,Base:1.0 + Bio:1.0(Raw:1)
LCN2,2.0,Base:1.0 + Bio:1.0(Raw:1)
RPS13,2.0,Base:1.0 + Bio:1.0(Raw:1)
EEF1G,2.0,Base:1.0 + Bio:1.0(Raw:1)
RPS27,2.0,Base:1.0 + Bio:1.0(Raw:1)
EEF1B2,2.0,Base:1.0 + Bio:1.0(Raw:1)
FBL,2.0,Base:1.0 + Bio:1.0(Raw:1)
EIF3L,2.0,Base:1.0 + Bio:1.0(Raw:1)
DDX58,2.0,Base:1.0 + Bio:1.0(Raw:1)
SPOCK2,2.0,Base:1.0 + Bio:1.0(Raw:1)
SPG11,2.0,Base:1.0 + Bio:1.0(Raw:1)
GADD45B,2.0,Base:1.0 + Bio:1.0(Raw:1)
GPR84,2.0,Base:1.0 + Bio:1.0(Raw:1)
LAMP3,2.0,Base:1.0 + Bio:1.0(Raw:1)
SOCS1,2.0,Base:1.0 + Bio:1.0(Raw:1)
TIMP2,2.0,Base:1.0 + Bio:1.0(Raw:1)
SPSB3,2.0,Base:1.0 + Bio:1.0(Raw:1)
FLNA,2.0,Base:1.0 + Bio:1.0(Raw:1)
CTSA,2.0,Base:1.0 + Bio:1.0(Raw:1)
CFP,2.0,Base:1.0 + Bio:1.0(Raw:1)
TRAF3IP3,2.0,Base:1.0 + Bio:1.0(Raw:1)
JUP,2.0,Base:1.0 + Bio:1.0(Raw:1)
FCMR,2.0,Base:1.0 + Bio:1.0(Raw:1)
RNF125,2.0,Base:1.0 + Bio:1.0(Raw:1)
CD6,2.0,Base:1.0 + Bio:1.0(Raw:1)
RTP4,2.0,Base:1.0 + Bio:1.0(Raw:1)
S100A9,2.0,Base:1.0 + Bio:1.0(Raw:1)
TBC1D10C,2.0,Base:1.0 + Bio:1.0(Raw:1)
PLAUR,2.0,Base:1.0 + Bio:1.0(Raw:1)
CHMP5,2.0,Base:1.0 + Bio:1.0(Raw:1)
CD38,2.0,Base:1.0 + Bio:1.0(Raw:1)
CD7,2.0,Base:1.0 + Bio:1.0(Raw:1)
CD96,2.0,Base:1.0 + Bio:1.0(Raw:1)
PCID2,2.0,Base:1.0 + Bio:1.0(Raw:1)
MYB,2.0,Base:1.0 + Bio:1.0(Raw:1)
LY9,2.0,Base:1.0 + Bio:1.0(Raw:1)
LILRA5,2.0,Base:1.0 + Bio:1.0(Raw:1)
CD1C,2.0,Base:1.0 + Bio:1.0(Raw:1)
CBLB,2.0,Base:1.0 + Bio:1.0(Raw:1)
UNC93B1,2.0,Base:1.0 + Bio:1.0(Raw:1)
DDIT3,2.0,Base:1.0 + Bio:1.0(Raw:1)
BST2,2.0,Base:1.0 + Bio:1.0(Raw:1)
IFIT2,2.0,Base:1.0 + Bio:1.0(Raw:1)
TRAFD1,2.0,Base:1.0 + Bio:1.0(Raw:1)
OGT,2.0,Base:1.0 + Bio:1.0(Raw:1)
SWAP70,2.0,Base:1.0 + Bio:1.0(Raw:1)
ADM,2.0,Base:1.0 + Bio:1.0(Raw:1)
PHPT1,2.0,Base:1.0 + Bio:1.0(Raw:1)
CD200R1,2.0,Base:1.0 + Bio:1.0(Raw:1)
SAMSN1,2.0,Base:1.0 + Bio:1.0(Raw:1)
SASH1,2.0,Base:1.0 + Bio:1.0(Raw:1)
ZNFX1,2.0,Base:1.0 + Bio:1.0(Raw:1)
HBQ1,2.0,Base:1.0 + Bio:1.0(Raw:1)
EIF3D,2.0,Base:1.0 + Bio:1.0(Raw:1)
ACTL6A,2.0,Base:1.0 + Bio:1.0(Raw:1)
VNN1,2.0,Base:1.0 + Bio:1.0(Raw:1)
S100A12,2.0,Base:1.0 + Bio:1.0(Raw:1)
GSN,2.0,Base:1.0 + Bio:1.0(Raw:1)
FCAR,2.0,Base:1.0 + Bio:1.0(Raw:1)
BST1,2.0,Base:1.0 + Bio:1.0(Raw:1)
CLEC4D,2.0,Base:1.0 + Bio:1.0(Raw:1)
MNDA,2.0,Base:1.0 + Bio:1.0(Raw:1)
IFITM2,2.0,Base:1.0 + Bio:1.0(Raw:1)
HCK,2.0,Base:1.0 + Bio:1.0(Raw:1)
FFAR2,2.0,Base:1.0 + Bio:1.0(Raw:1)
GRN,2.0,Base:1.0 + Bio:1.0(Raw:1)
IL1RN,2.0,Base:1.0 + Bio:1.0(Raw:1)
ANXA3,2.0,Base:1.0 + Bio:1.0(Raw:1)
ISG20,2.0,Base:1.0 + Bio:1.0(Raw:1)
ROMO1,2.0,Base:1.0 + Bio:1.0(Raw:1)
CCR1,2.0,Base:1.0 + Bio:1.0(Raw:1)
HERC6,2.0,Base:1.0 + Bio:1.0(Raw:1)
GPER1,2.0,Base:1.0 + Bio:1.0(Raw:1)
GNLY,2.0,Base:1.0 + Bio:1.0(Raw:1)
DYNLT1,2.0,Base:1.0 + Bio:1.0(Raw:1)
CLEC5A,2.0,Base:1.0 + Bio:1.0(Raw:1)
UBR2,2.0,Base:1.0 + Bio:1.0(Raw:1)
TXN,2.0,Base:1.0 + Bio:1.0(Raw:1)
CARD16,2.0,Base:1.0 + Bio:1.0(Raw:1)
FCER1A,2.0,Base:1.0 + Bio:1.0(Raw:1)
SLPI,2.0,Base:1.0 + Bio:1.0(Raw:1)
CXCR6,2.0,Base:1.0 + Bio:1.0(Raw:1)
ABCA1,2.0,Base:1.0 + Bio:1.0(Raw:1)
NSMCE2,2.0,Base:1.0 + Bio:1.0(Raw:1)
MAD2L1BP,2.0,Base:1.0 + Bio:1.0(Raw:1)
CEACAM1,2.0,Base:1.0 + Bio:1.0(Raw:1)
TXNDC17,2.0,Base:1.0 + Bio:1.0(Raw:1)
FYN,2.0,Base:1.0 + Bio:1.0(Raw:1)
PTGDR,2.0,Base:1.0 + Bio:1.0(Raw:1)
TRIM21,2.0,Base:1.0 + Bio:1.0(Raw:1)
S100A8,2.0,Base:1.0 + Bio:1.0(Raw:1)
NMI,2.0,Base:1.0 + Bio:1.0(Raw:1)
GPR183,2.0,Base:1.0 + Bio:1.0(Raw:1)
SPHK2,2.0,Base:1.0 + Bio:1.0(Raw:1)
FCRL3,2.0,Base:1.0 + Bio:1.0(Raw:1)
IL7R,2.0,Base:1.0 + Bio:1.0(Raw:1)
HLX,2.0,Base:1.0 + Bio:1.0(Raw:1)
BATF,2.0,Base:1.0 + Bio:1.0(Raw:1)
SIRPA,2.0,Base:1.0 + Bio:1.0(Raw:1)
CD160,2.0,Base:1.0 + Bio:1.0(Raw:1)
ARG1,2.0,Base:1.0 + Bio:1.0(Raw:1)
PYHIN1,2.0,Base:1.0 + Bio:1.0(Raw:1)
GSDMB,2.0,Base:1.0 + Bio:1.0(Raw:1)
CEACAM6,2.0,Base:1.0 + Bio:1.0(Raw:1)
PSG9,2.0,Base:1.0 + Bio:1.0(Raw:1)
HNRNPU,2.0,Base:1.0 + Bio:1.0(Raw:1)
BANK1,2.0,Base:1.0 + Bio:1.0(Raw:1)
ATG16L1,2.0,Base:1.0 + Bio:1.0(Raw:1)
ANG,2.0,Base:1.0 + Bio:1.0(Raw:1)
SKAP1,2.0,Base:1.0 + Bio:1.0(Raw:1)
SERPINB1,2.0,Base:1.0 + Bio:1.0(Raw:1)
QSOX1,2.0,Base:1.0 + Bio:1.0(Raw:1)
PRDX4,2.0,Base:1.0 + Bio:1.0(Raw:1)
HMOX1,2.0,Base:1.0 + Bio:1.0(Raw:1)
HP,2.0,Base:1.0 + Bio:1.0(Raw:1)
F2RL1,2.0,Base:1.0 + Bio:1.0(Raw:1)
CKAP4,2.0,Base:1.0 + Bio:1.0(Raw:1)
TXK,2.0,Base:1.0 + Bio:1.0(Raw:1)
PLSCR1,2.0,Base:1.0 + Bio:1.0(Raw:1)
CDKN1B,2.0,Base:1.0 + Bio:1.0(Raw:1)
TLR10,2.0,Base:1.0 + Bio:1.0(Raw:1)
IFI44L,2.0,Base:1.0 + Bio:1.0(Raw:1)
RNF31,2.0,Base:1.0 + Bio:1.0(Raw:1)
RNASE2,2.0,Base:1.0 + Bio:1.0(Raw:1)
SH2D1B,2.0,Base:1.0 + Bio:1.0(Raw:1)
KLRB1,2.0,Base:1.0 + Bio:1.0(Raw:1)
KLHL22,2.0,Base:1.0 + Bio:1.0(Raw:1)
LGALS1,2.0,Base:1.0 + Bio:1.0(Raw:1)
IFIT3,2.0,Base:1.0 + Bio:1.0(Raw:1)
GSTO1,2.0,Base:1.0 + Bio:1.0(Raw:1)
PTGDS,2.0,Base:1.0 + Bio:1.0(Raw:1)
ZDHHC12,2.0,Base:1.0 + Bio:1.0(Raw:1)
RETN,2.0,Base:1.0 + Bio:1.0(Raw:1)
H2BC5,2.0,Base:1.0 + Bio:1.0(Raw:1)
CASP5,2.0,Base:1.0 + Bio:1.0(Raw:1)
TCN1,2.0,Base:1.0 + Bio:1.0(Raw:1)
HNRNPD,2.0,Base:1.0 + Bio:1.0(Raw:1)
CTSZ,2.0,Base:1.0 + Bio:1.0(Raw:1)
CREG1,2.0,Base:1.0 + Bio:1.0(Raw:1)
BCL7C,2.0,Base:1.0 + Bio:1.0(Raw:1)
ATP6V0E2,2.0,Base:1.0 + Bio:1.0(Raw:1)
OLFM4,2.0,Base:1.0 + Bio:1.0(Raw:1)
MAFB,2.0,Base:1.0 + Bio:1.0(Raw:1)
IDH1,2.0,Base:1.0 + Bio:1.0(Raw:1)
OSCAR,2.0,Base:1.0 + Bio:1.0(Raw:1)
NEU1,2.0,Base:1.0 + Bio:1.0(Raw:1)
DYSF,2.0,Base:1.0 + Bio:1.0(Raw:1)
CEBPE,2.0,Base:1.0 + Bio:1.0(Raw:1)
UBE2J1,2.0,Base:1.0 + Bio:1.0(Raw:1)
LGALS9,2.0,Base:1.0 + Bio:1.0(Raw:1)
TAP1,2.0,Base:1.0 + Bio:1.0(Raw:1)
GYG1,2.0,Base:1.0 + Bio:1.0(Raw:1)
EPHA4,2.0,Base:1.0 + Bio:1.0(Raw:1)
LY6E,2.0,Base:1.0 + Bio:1.0(Raw:1)
CD63,2.0,Base:1.0 + Bio:1.0(Raw:1)
PARP9,2.0,Base:1.0 + Bio:1.0(Raw:1)
FUT4,2.0,Base:1.0 + Bio:1.0(Raw:1)
BATF2,2.0,Base:1.0 + Bio:1.0(Raw:1)
EGR1,2.0,Base:1.0 + Bio:1.0(Raw:1)
TNFAIP6,2.0,Base:1.0 + Bio:1.0(Raw:1)
ANAPC16,2.0,Base:1.0 + Bio:1.0(Raw:1)
FCGR1BP,2.0,Base:1.0 + Bio:1.0(Raw:1)
PRC1,2.0,Base:1.0 + Bio:1.0(Raw:1)
TYMS,2.0,Base:1.0 + Bio:1.0(Raw:1)
TK1,2.0,Base:1.0 + Bio:1.0(Raw:1)
PCLAF,2.0,Base:1.0 + Bio:1.0(Raw:1)
RPS23,2.0,Base:1.0 + Bio:1.0(Raw:1)
RPL4,2.0,Base:1.0 + Bio:1.0(Raw:1)
RBM14,2.0,Base:1.0 + Bio:1.0(Raw:1)
IFI44,2.0,Base:1.0 + Bio:1.0(Raw:1)
HERC5,2.0,Base:1.0 + Bio:1.0(Raw:1)
SMARCD3,2.0,Base:1.0 + Bio:1.0(Raw:1)
PLEKHA1,2.0,Base:1.0 + Bio:1.0(Raw:1)
EXOSC4,1.0,Base:1.0 + Bio:0.0(Raw:0)
EPSTI1,1.0,Base:1.0 + Bio:0.0(Raw:0)
ABCB1,1.0,Base:1.0 + Bio:0.0(Raw:0)
HNRNPH1,1.0,Base:1.0 + Bio:0.0(Raw:0)
LHFPL2,1.0,Base:1.0 + Bio:0.0(Raw:0)
PNISR,1.0,Base:1.0 + Bio:0.0(Raw:0)
NOP10,1.0,Base:1.0 + Bio:0.0(Raw:0)
CENPW,1.0,Base:1.0 + Bio:0.0(Raw:0)
NPHP3,1.0,Base:1.0 + Bio:0.0(Raw:0)
ZNF831,1.0,Base:1.0 + Bio:0.0(Raw:0)
ZNF91,1.0,Base:1.0 + Bio:0.0(Raw:0)
TXNDC12,1.0,Base:1.0 + Bio:0.0(Raw:0)
DESI1,1.0,Base:1.0 + Bio:0.0(Raw:0)
PPTC7,1.0,Base:1.0 + Bio:0.0(Raw:0)
KLRF1,1.0,Base:1.0 + Bio:0.0(Raw:0)
MT1E,1.0,Base:1.0 + Bio:0.0(Raw:0)
ZNF329,1.0,Base:1.0 + Bio:0.0(Raw:0)
SAP30,1.0,Base:1.0 + Bio:0.0(Raw:0)
CNNM3,1.0,Base:1.0 + Bio:0.0(Raw:0)
PCED1B-AS1,1.0,Base:1.0 + Bio:0.0(Raw:0)
MATK,1.0,Base:1.0 + Bio:0.0(Raw:0)
ATXN7L3B,1.0,Base:1.0 + Bio:0.0(Raw:0)
ZNF264,1.0,Base:1.0 + Bio:0.0(Raw:0)
ATF7IP2,1.0,Base:1.0 + Bio:0.0(Raw:0)
POLM,1.0,Base:1.0 + Bio:0.0(Raw:0)
STT3B,1.0,Base:1.0 + Bio:0.0(Raw:0)
MVD,1.0,Base:1.0 + Bio:0.0(Raw:0)
NSG1,1.0,Base:1.0 + Bio:0.0(Raw:0)
TMEM181,1.0,Base:1.0 + Bio:0.0(Raw:0)
SIGLEC9,1.0,Base:1.0 + Bio:0.0(Raw:0)
MED13L,1.0,Base:1.0 + Bio:0.0(Raw:0)
TLE4,1.0,Base:1.0 + Bio:0.0(Raw:0)
MIAT,1.0,Base:1.0 + Bio:0.0(Raw:0)
NCL,1.0,Base:1.0 + Bio:0.0(Raw:0)
DHDDS,1.0,Base:1.0 + Bio:0.0(Raw:0)
TFF3,1.0,Base:1.0 + Bio:0.0(Raw:0)
SLC7A6,1.0,Base:1.0 + Bio:0.0(Raw:0)
SMIM24,1.0,Base:1.0 + Bio:0.0(Raw:0)
SRRM2,1.0,Base:1.0 + Bio:0.0(Raw:0)
TMED1,1.0,Base:1.0 + Bio:0.0(Raw:0)
GALT,1.0,Base:1.0 + Bio:0.0(Raw:0)
GLRX,1.0,Base:1.0 + Bio:0.0(Raw:0)
SPATS2L,1.0,Base:1.0 + Bio:0.0(Raw:0)
ITPK1,1.0,Base:1.0 + Bio:0.0(Raw:0)
SPTLC2,1.0,Base:1.0 + Bio:0.0(Raw:0)
CRY1,1.0,Base:1.0 + Bio:0.0(Raw:0)
SQOR,1.0,Base:1.0 + Bio:0.0(Raw:0)
GPBAR1,1.0,Base:1.0 + Bio:0.0(Raw:0)
CIRBP,1.0,Base:1.0 + Bio:0.0(Raw:0)
ANKRD22,1.0,Base:1.0 + Bio:0.0(Raw:0)
KLF12,1.0,Base:1.0 + Bio:0.0(Raw:0)
DENND2D,1.0,Base:1.0 + Bio:0.0(Raw:0)
NIBAN3,1.0,Base:1.0 + Bio:0.0(Raw:0)
ZNF548,1.0,Base:1.0 + Bio:0.0(Raw:0)
SNHG1,1.0,Base:1.0 + Bio:0.0(Raw:0)
SAMD9,1.0,Base:1.0 + Bio:0.0(Raw:0)
CITED4,1.0,Base:1.0 + Bio:0.0(Raw:0)
LRP3,1.0,Base:1.0 + Bio:0.0(Raw:0)
PCYOX1,1.0,Base:1.0 + Bio:0.0(Raw:0)
GNA15,1.0,Base:1.0 + Bio:0.0(Raw:0)
SAMD9L,1.0,Base:1.0 + Bio:0.0(Raw:0)
LGALS3BP,1.0,Base:1.0 + Bio:0.0(Raw:0)
FNBP4,1.0,Base:1.0 + Bio:0.0(Raw:0)
BRSK1,1.0,Base:1.0 + Bio:0.0(Raw:0)
STARD8,1.0,Base:1.0 + Bio:0.0(Raw:0)
CTNNAL1,1.0,Base:1.0 + Bio:0.0(Raw:0)
GNG5,1.0,Base:1.0 + Bio:0.0(Raw:0)
SGSM2,1.0,Base:1.0 + Bio:0.0(Raw:0)
ZFP90,1.0,Base:1.0 + Bio:0.0(Raw:0)
DYRK2,1.0,Base:1.0 + Bio:0.0(Raw:0)
TCN2,1.0,Base:1.0 + Bio:0.0(Raw:0)
SCRN1,1.0,Base:1.0 + Bio:0.0(Raw:0)
TDRD7,1.0,Base:1.0 + Bio:0.0(Raw:0)
FAH,1.0,Base:1.0 + Bio:0.0(Raw:0)
YPEL1,1.0,Base:1.0 + Bio:0.0(Raw:0)
SLC66A2,1.0,Base:1.0 + Bio:0.0(Raw:0)
CTDSP2,1.0,Base:1.0 + Bio:0.0(Raw:0)
SNF8,1.0,Base:1.0 + Bio:0.0(Raw:0)
GZMK,1.0,Base:1.0 + Bio:0.0(Raw:0)
COLQ,1.0,Base:1.0 + Bio:0.0(Raw:0)
NAA38,1.0,Base:1.0 + Bio:0.0(Raw:0)
TRIP6,1.0,Base:1.0 + Bio:0.0(Raw:0)
SYTL1,1.0,Base:1.0 + Bio:0.0(Raw:0)
REC8,1.0,Base:1.0 + Bio:0.0(Raw:0)
COMMD4,1.0,Base:1.0 + Bio:0.0(Raw:0)
ABLIM1,1.0,Base:1.0 + Bio:0.0(Raw:0)
ASGR1,1.0,Base:1.0 + Bio:0.0(Raw:0)
CYSTM1,1.0,Base:1.0 + Bio:0.0(Raw:0)
IFI27L2,1.0,Base:1.0 + Bio:0.0(Raw:0)
UBE2S,1.0,Base:1.0 + Bio:0.0(Raw:0)
OAF,1.0,Base:1.0 + Bio:0.0(Raw:0)
RUBCNL,1.0,Base:1.0 + Bio:0.0(Raw:0)
ZNF83,1.0,Base:1.0 + Bio:0.0(Raw:0)
F12,1.0,Base:1.0 + Bio:0.0(Raw:0)
SLC22A16,1.0,Base:1.0 + Bio:0.0(Raw:0)
SRSF5,1.0,Base:1.0 + Bio:0.0(Raw:0)
HNRNPDL,1.0,Base:1.0 + Bio:0.0(Raw:0)
RNF181,1.0,Base:1.0 + Bio:0.0(Raw:0)
CD163,1.0,Base:1.0 + Bio:0.0(Raw:0)
MT2A,1.0,Base:1.0 + Bio:0.0(Raw:0)
FCRL2,1.0,Base:1.0 + Bio:0.0(Raw:0)
SRSF4,1.0,Base:1.0 + Bio:0.0(Raw:0)
PIK3C2B,1.0,Base:1.0 + Bio:0.0(Raw:0)
BCL11A,1.0,Base:1.0 + Bio:0.0(Raw:0)
ATF5,1.0,Base:1.0 + Bio:0.0(Raw:0)
RFWD3,1.0,Base:1.0 + Bio:0.0(Raw:0)
PTMS,1.0,Base:1.0 + Bio:0.0(Raw:0)
SLC35F6,1.0,Base:1.0 + Bio:0.0(Raw:0)
BLOC1S1,1.0,Base:1.0 + Bio:0.0(Raw:0)
